{"cameraMode":{"drawMode":0,"name":"Shaded","section":"Shading Mode"},"sceneLighting":true,"audioPlay":false,"sceneViewState":{"showFog":true,"showMaterialUpdate":false,"showSkybox":true,"showFlares":true,"showImageEffects":true,"showParticleSystems":true},"in2DMode":false,"pivot":{"x":555.374755859375,"y":-87.47802734375,"z":291.99517822265627},"rotation":{"x":-0.1715274304151535,"y":0.8277440667152405,"z":-0.3581015467643738,"w":-0.39648205041885378},"size":1185.20458984375,"orthographic":false}